"","locus_tag","motif_id","motif_alt_id","X","start","stop","strand","score","p.value","q.value","matched_sequence","gene.number","chr","old_locus_tag","common.name","protein.accession","Operon","gene.start","gene.end","gene.length_nt","gene.strand","arCOG.category","annotation","RNA.seq.log2foldchange","RNAseq.padj"
"1","HVO_RS00195",NA,NA,NA,NA,NA,NA,NA,NA,NA,NA,1,"NC_013964.1","HVO_B0041","","WP_004041113.1","2119","  46367","  48205","1839","-","[Q] Siderophore synthetase component   ","IucA/IucC family siderophore biosynthesis protein",3.623470455,4.02e-08
"2","HVO_RS00200",NA,NA,NA,NA,NA,NA,NA,NA,NA,NA,2,"NC_013964.1","HVO_B0042","","WP_004041112.1","2119","  48214","  49587","1374","-","[Q] Lysine/ornithine N-monooxygenase    ","lysine 6-monooxygenase",3.557939574,1.71e-09
"3","HVO_RS00210",NA,NA,NA,NA,NA,NA,NA,NA,NA,NA,3,"NC_013964.1","HVO_B0044","iucA","WP_004041110.1","2119","  50222","  52003","1782","-","[Q] Siderophore synthetase component   ","iron transporter",3.372885896,6.21e-16
"4","HVO_RS00215",NA,NA,NA,NA,NA,NA,NA,NA,NA,NA,4,"NC_013964.1","HVO_B0045","","WP_004041109.1","2119","  52000","  53565","1566","-","[E] Glutamate decarboxylase and related PLP-dependent proteins","aspartate aminotransferase family protein",3.012711983,3.23e-67
"5","HVO_RS00220","TTTAGGCHDRCCTAAAANAW","MEME-1","HVO_RS00220",389,408,"+",31.8958,2.11e-11,1.42e-05,"TTTAGGCCGGCCTAAAACAT",5,"NC_013964.1","HVO_B0046","gabT","WP_004041108.1","2119","  53562","  54941","1380","-","[E] 4-aminobutyrate aminotransferase and related aminotransferases ","diaminobutyrate--2-oxoglutarate transaminase",2.935463508,4.62e-81
"6","HVO_RS00220","TTTAGGCHDRCCTAAAANAW","MEME-1","HVO_RS00220",385,404,"-",29.2604,2.21e-10,4.2e-05,"TTTAGGCCGGCCTAAAAGCA",5,"NC_013964.1","HVO_B0046","gabT","WP_004041108.1","2119","  53562","  54941","1380","-","[E] 4-aminobutyrate aminotransferase and related aminotransferases ","diaminobutyrate--2-oxoglutarate transaminase",2.935463508,4.62e-81
"7","HVO_RS00220","TTTAGGCHDRCCTAAAANAW","MEME-1","HVO_RS00220",76,95,"-",24.5208,4.27e-09,0.000348,"TTTAGGATAGCCTAAAATAT",5,"NC_013964.1","HVO_B0046","gabT","WP_004041108.1","2119","  53562","  54941","1380","-","[E] 4-aminobutyrate aminotransferase and related aminotransferases ","diaminobutyrate--2-oxoglutarate transaminase",2.935463508,4.62e-81
"8","HVO_RS00220","TTTAGGCHDRCCTAAAANAW","MEME-1","HVO_RS00220",80,99,"+",23.2083,8.28e-09,0.000513,"TTTAGGCTATCCTAAAAATA",5,"NC_013964.1","HVO_B0046","gabT","WP_004041108.1","2119","  53562","  54941","1380","-","[E] 4-aminobutyrate aminotransferase and related aminotransferases ","diaminobutyrate--2-oxoglutarate transaminase",2.935463508,4.62e-81
"9","HVO_RS00225","TTTAGGCHDRCCTAAAANAW","MEME-1","HVO_RS00225",69,88,"+",25.7604,2.19e-09,0.000234,"TTTAGGGAGGCCTAAAAGAC",6,"NC_013964.1","HVO_B0047","","WP_004041107.1","2120","  55399","  56601","1203","-","[P] ABC-type Fe3+-hydroxamate transport system, periplasmic component","iron ABC transporter substrate-binding protein",1.036551269,8.24e-23
"10","HVO_RS00225","TTTAGGCHDRCCTAAAANAW","MEME-1","HVO_RS00225",29,48,"-",18.5521,6.41e-08,0.00244,"TTTAGGCGAGCCTAACTACC",6,"NC_013964.1","HVO_B0047","","WP_004041107.1","2120","  55399","  56601","1203","-","[P] ABC-type Fe3+-hydroxamate transport system, periplasmic component","iron ABC transporter substrate-binding protein",1.036551269,8.24e-23
"11","HVO_RS00225","TTTAGGCHDRCCTAAAANAW","MEME-1","HVO_RS00225",65,84,"-",16.3125,1.56e-07,0.00568,"TTTAGGCCTCCCTAAATGGT",6,"NC_013964.1","HVO_B0047","","WP_004041107.1","2120","  55399","  56601","1203","-","[P] ABC-type Fe3+-hydroxamate transport system, periplasmic component","iron ABC transporter substrate-binding protein",1.036551269,8.24e-23
"12","HVO_RS00225","TTTAGGCHDRCCTAAAANAW","MEME-1","HVO_RS00225",33,52,"+",13.3854,4.6e-07,0.0155,"GTTAGGCTCGCCTAAATTCC",6,"NC_013964.1","HVO_B0047","","WP_004041107.1","2120","  55399","  56601","1203","-","[P] ABC-type Fe3+-hydroxamate transport system, periplasmic component","iron ABC transporter substrate-binding protein",1.036551269,8.24e-23
"13","HVO_RS00230",NA,NA,NA,NA,NA,NA,NA,NA,NA,NA,7,"NC_013964.1","HVO_B0048","cobL","WP_004041106.1","2120","  56690","  57502"," 813","-","[H] Precorrin-6B methylase 1   ","cobalt-precorrin-7 (C(5))-methyltransferase",0.522905574,0.035537174
"14","HVO_RS00235",NA,NA,NA,NA,NA,NA,NA,NA,NA,NA,8,"NC_013964.1","HVO_B0049","","WP_004041105.1","2120","  57495","  58175"," 681","-","[H] Precorrin isomerase    ","precorrin isomerase",0.042475527,0.932189688
"15","HVO_RS00240",NA,NA,NA,NA,NA,NA,NA,NA,NA,NA,9,"NC_013964.1","HVO_B0050","","WP_004041104.1","2120","  58168","  62022","3855","-","[H] Cobalamin biosynthesis protein CobN and related","cobaltochelatase subunit CobN",0.991132665,0.021533992
"16","HVO_RS00725","TTTAGGCHDRCCTAAAANAW","MEME-1","HVO_RS00725",357,376,"-",29.8021,1.43e-10,2.92e-05,"TTTAGGCAGGCCAAAAATAT",10,"NC_013964.1","HVO_B0150","","WP_081442862.1","2178"," 167680"," 168720","1041","-","[P] ABC-type Fe3+-hydroxamate transport system, periplasmic component","ABC transporter substrate-binding protein",1.968144175,2.24e-40
"17","HVO_RS00725","TTTAGGCHDRCCTAAAANAW","MEME-1","HVO_RS00725",397,416,"+",24.3021,4.8e-09,0.000348,"TTTAGGTGAGCCTAAACCAT",10,"NC_013964.1","HVO_B0150","","WP_081442862.1","2178"," 167680"," 168720","1041","-","[P] ABC-type Fe3+-hydroxamate transport system, periplasmic component","ABC transporter substrate-binding protein",1.968144175,2.24e-40
"18","HVO_RS00725","TTTAGGCHDRCCTAAAANAW","MEME-1","HVO_RS00725",393,412,"-",24.2917,4.83e-09,0.000348,"TTTAGGCTCACCTAAATACG",10,"NC_013964.1","HVO_B0150","","WP_081442862.1","2178"," 167680"," 168720","1041","-","[P] ABC-type Fe3+-hydroxamate transport system, periplasmic component","ABC transporter substrate-binding protein",1.968144175,2.24e-40
"19","HVO_RS00725","TTTAGGCHDRCCTAAAANAW","MEME-1","HVO_RS00725",361,380,"+",22.625,1.1e-08,0.000621,"TTTTGGCCTGCCTAAAATTC",10,"NC_013964.1","HVO_B0150","","WP_081442862.1","2178"," 167680"," 168720","1041","-","[P] ABC-type Fe3+-hydroxamate transport system, periplasmic component","ABC transporter substrate-binding protein",1.968144175,2.24e-40
"20","HVO_RS00725","TTTAGGCHDRCCTAAAANAW","MEME-1","HVO_RS00725",358,377,"-",-4.57292,9.12e-05,0.814,"TTTTAGGCAGGCCAAAAATA",10,"NC_013964.1","HVO_B0150","","WP_081442862.1","2178"," 167680"," 168720","1041","-","[P] ABC-type Fe3+-hydroxamate transport system, periplasmic component","ABC transporter substrate-binding protein",1.968144175,2.24e-40
"21","HVO_RS04340","TTTAGGCHDRCCTAAAANAW","MEME-1","HVO_RS04340",69,88,"-",27.1667,9.43e-10,0.000105,"TTTAGGGCGACCTAATACAT",11,"NC_013966.1","HVO_A0558","","WP_013035145.1","2705"," 561274"," 562509","1236","+","[P] ABC-type Fe3+-hydroxamate transport system, periplasmic component","ABC transporter substrate-binding protein",1.041226821,5.65e-14
"22","HVO_RS04340","TTTAGGCHDRCCTAAAANAW","MEME-1","HVO_RS04340",73,92,"+",19.7708,3.88e-08,0.00161,"ATTAGGTCGCCCTAAAAGCA",11,"NC_013966.1","HVO_A0558","","WP_013035145.1","2705"," 561274"," 562509","1236","+","[P] ABC-type Fe3+-hydroxamate transport system, periplasmic component","ABC transporter substrate-binding protein",1.041226821,5.65e-14
"23","HVO_RS04340","TTTAGGCHDRCCTAAAANAW","MEME-1","HVO_RS04340",40,59,"+",11.7083,8.25e-07,0.0258,"TTTCGGCGTGCCTAAATCGG",11,"NC_013966.1","HVO_A0558","","WP_013035145.1","2705"," 561274"," 562509","1236","+","[P] ABC-type Fe3+-hydroxamate transport system, periplasmic component","ABC transporter substrate-binding protein",1.041226821,5.65e-14
"24","HVO_RS04340","TTTAGGCHDRCCTAAAANAW","MEME-1","HVO_RS04340",36,55,"-",11.4062,9.15e-07,0.028,"TTTAGGCACGCCGAAACTCC",11,"NC_013966.1","HVO_A0558","","WP_013035145.1","2705"," 561274"," 562509","1236","+","[P] ABC-type Fe3+-hydroxamate transport system, periplasmic component","ABC transporter substrate-binding protein",1.041226821,5.65e-14
"25","HVO_RS04340","TTTAGGCHDRCCTAAAANAW","MEME-1","HVO_RS04340",4,23,"+",1.08333,2.11e-05,0.395,"TTTGGGCAATCCTAAACGGA",11,"NC_013966.1","HVO_A0558","","WP_013035145.1","2705"," 561274"," 562509","1236","+","[P] ABC-type Fe3+-hydroxamate transport system, periplasmic component","ABC transporter substrate-binding protein",1.041226821,5.65e-14
"26","HVO_RS07285","TTTAGGCHDRCCTAAAANAW","MEME-1","HVO_RS07285",393,412,"-",20.375,3e-08,0.00135,"TTTCGTGTGGCCTAAAATCA",12,"NC_013967.1","HVO_0536","dpsA","WP_004044395.1"," 362"," 467702"," 468232"," 531","+","[P] DNA-binding ferritin-like protein (oxidative damage protectant)","DNA starvation/stationary phase protection protein",-3.03358712,9.43e-91
"27","HVO_RS07285","TTTAGGCHDRCCTAAAANAW","MEME-1","HVO_RS07285",397,416,"+",7.47917,3.26e-06,0.0887,"TTTAGGCCACACGAAAAATT",12,"NC_013967.1","HVO_0536","dpsA","WP_004044395.1"," 362"," 467702"," 468232"," 531","+","[P] DNA-binding ferritin-like protein (oxidative damage protectant)","DNA starvation/stationary phase protection protein",-3.03358712,9.43e-91
"28","HVO_RS07290",NA,NA,NA,NA,NA,NA,NA,NA,NA,NA,13,"NC_013967.1","HVO_0538","idr","WP_004044393.1"," 363"," 468630"," 469064"," 435","-","[K] Mn-dependent transcriptional regulator   ","metal-dependent transcriptional regulator",3.509828266,3.91e-74
"29","HVO_RS07295","TTTAGGCHDRCCTAAAANAW","MEME-1","HVO_RS07295",18,37,"-",33.9583,1.17e-12,3.12e-06,"TTTAGGCCAACCTAAAACAA",14,"NC_013967.1","HVO_0539","","WP_049914900.1",NA,"469061","469873","812","+",NA,"hypothetical protein",1.424772959,6.56e-35
"30","HVO_RS07295","TTTAGGCHDRCCTAAAANAW","MEME-1","HVO_RS07295",22,41,"+",16.7917,1.29e-07,0.00478,"TTTAGGTTGGCCTAAATGGT",14,"NC_013967.1","HVO_0539","","WP_049914900.1",NA,"469061","469873","812","+",NA,"hypothetical protein",1.424772959,6.56e-35
"31","HVO_RS08360","TTTAGGCHDRCCTAAAANAW","MEME-1","HVO_RS08360",372,391,"-",-4.57292,9.12e-05,0.814,"TCTCGGTTCACCTTACATCT",15,"NC_013967.1","HVO_0763","","WP_049941502.1",NA,"684671","685159","488","+",NA,"DoxX family protein",-1.708534939,0.000871807
"32","HVO_RS09505","TTTAGGCHDRCCTAAAANAW","MEME-1","HVO_RS09505",99,118,"+",30.5417,7.64e-11,2.14e-05,"TTTAGGCAAGCCAAAAATAT",16,"NC_013967.1","HVO_1003","","WP_004043940.1"," 652"," 913053"," 913850"," 798","+","[P] Predicted divalent heavy-metal cations transporter ","ZIP family metal transporter",-1.455841649,2.65e-06
"33","HVO_RS09505","TTTAGGCHDRCCTAAAANAW","MEME-1","HVO_RS09505",95,114,"-",24.3854,4.6e-09,0.000348,"TTTTGGCTTGCCTAAATATT",16,"NC_013967.1","HVO_1003","","WP_004043940.1"," 652"," 913053"," 913850"," 798","+","[P] Predicted divalent heavy-metal cations transporter ","ZIP family metal transporter",-1.455841649,2.65e-06
"34","HVO_RS09505","TTTAGGCHDRCCTAAAANAW","MEME-1","HVO_RS09505",47,66,"-",12.3438,6.64e-07,0.0214,"TTTAGACGGGCCAAAAACTC",16,"NC_013967.1","HVO_1003","","WP_004043940.1"," 652"," 913053"," 913850"," 798","+","[P] Predicted divalent heavy-metal cations transporter ","ZIP family metal transporter",-1.455841649,2.65e-06
"35","HVO_RS09505","TTTAGGCHDRCCTAAAANAW","MEME-1","HVO_RS09505",51,70,"+",3.28125,1.14e-05,0.257,"TTTTGGCCCGTCTAAACTGT",16,"NC_013967.1","HVO_1003","","WP_004043940.1"," 652"," 913053"," 913850"," 798","+","[P] Predicted divalent heavy-metal cations transporter ","ZIP family metal transporter",-1.455841649,2.65e-06
"36","HVO_RS10605","TTTAGGCHDRCCTAAAANAW","MEME-1","HVO_RS10605",54,73,"+",27.1979,9.23e-10,0.000105,"ATTAGGCGTACCTAAAACCA",17,"NC_013967.1","HVO_1228","","WP_013035267.1"," 797","1118978","1121443","2466","+","[C] Plastocyanin     ","DUF5059 domain-containing protein",1.998725132,4.19e-86
"37","HVO_RS10605","TTTAGGCHDRCCTAAAANAW","MEME-1","HVO_RS10605",50,69,"-",21.7188,1.66e-08,0.000883,"TTTAGGTACGCCTAATAGTA",17,"NC_013967.1","HVO_1228","","WP_013035267.1"," 797","1118978","1121443","2466","+","[C] Plastocyanin     ","DUF5059 domain-containing protein",1.998725132,4.19e-86
"38","HVO_RS10605","TTTAGGCHDRCCTAAAANAW","MEME-1","HVO_RS10605",18,37,"+",21.0938,2.19e-08,0.00105,"TTTCGGCCTGCCTAAAAATC",17,"NC_013967.1","HVO_1228","","WP_013035267.1"," 797","1118978","1121443","2466","+","[C] Plastocyanin     ","DUF5059 domain-containing protein",1.998725132,4.19e-86
"39","HVO_RS10605","TTTAGGCHDRCCTAAAANAW","MEME-1","HVO_RS10605",14,33,"-",21.0208,2.26e-08,0.00106,"TTTAGGCAGGCCGAAAAATA",17,"NC_013967.1","HVO_1228","","WP_013035267.1"," 797","1118978","1121443","2466","+","[C] Plastocyanin     ","DUF5059 domain-containing protein",1.998725132,4.19e-86
"40","HVO_RS11760",NA,NA,NA,NA,NA,NA,NA,NA,NA,NA,18,"NC_013967.1","HVO_1463","","WP_004043472.1"," 964","1334502","1335452"," 951","-","[O] Thioredoxin reductase    ","hypothetical protein",1.795234909,2.95e-44
"41","HVO_RS11765","TTTAGGCHDRCCTAAAANAW","MEME-1","HVO_RS11765",121,140,"-",30.0104,1.2e-10,2.91e-05,"TTTAGGCTAACCTAAATGTA",19,"NC_013967.1","HVO_1464","","WP_004043471.1"," 964","1335454","1336671","1218","-","[P] ABC-type Fe3+-hydroxamate transport system, periplasmic component","ABC transporter substrate-binding protein",1.70738804,2.72e-47
"42","HVO_RS11765","TTTAGGCHDRCCTAAAANAW","MEME-1","HVO_RS11765",85,104,"-",21.2812,2.02e-08,0.000994,"TTTCGGCCGGCCTAAACCTT",19,"NC_013967.1","HVO_1464","","WP_004043471.1"," 964","1335454","1336671","1218","-","[P] ABC-type Fe3+-hydroxamate transport system, periplasmic component","ABC transporter substrate-binding protein",1.70738804,2.72e-47
"43","HVO_RS11765","TTTAGGCHDRCCTAAAANAW","MEME-1","HVO_RS11765",89,108,"+",20.2812,3.12e-08,0.00136,"TTTAGGCCGGCCGAAAAATA",19,"NC_013967.1","HVO_1464","","WP_004043471.1"," 964","1335454","1336671","1218","-","[P] ABC-type Fe3+-hydroxamate transport system, periplasmic component","ABC transporter substrate-binding protein",1.70738804,2.72e-47
"44","HVO_RS11765","TTTAGGCHDRCCTAAAANAW","MEME-1","HVO_RS11765",125,144,"+",20.1042,3.37e-08,0.00145,"TTTAGGTTAGCCTAAACCCC",19,"NC_013967.1","HVO_1464","","WP_004043471.1"," 964","1335454","1336671","1218","-","[P] ABC-type Fe3+-hydroxamate transport system, periplasmic component","ABC transporter substrate-binding protein",1.70738804,2.72e-47
"45","HVO_RS12455","TTTAGGCHDRCCTAAAANAW","MEME-1","HVO_RS12455",28,47,"+",23.5417,7.05e-09,0.000469,"TTTTGGTAAACCTAAAAGTT",20,"NC_013967.1","HVO_1613","","WP_004041505.1","1060","1482327","1483013"," 687","-","[M] Glycosyltransferases involved in cell wall biogenesis","glycosyl transferase family 2",1.20682725,4.54e-19
"46","HVO_RS12455","TTTAGGCHDRCCTAAAANAW","MEME-1","HVO_RS12455",24,43,"-",13.75,4.03e-07,0.0139,"TTTAGGTTTACCAAAACCGA",20,"NC_013967.1","HVO_1613","","WP_004041505.1","1060","1482327","1483013"," 687","-","[M] Glycosyltransferases involved in cell wall biogenesis","glycosyl transferase family 2",1.20682725,4.54e-19
"47","HVO_RS12895","TTTAGGCHDRCCTAAAANAW","MEME-1","HVO_RS12895",96,115,"-",24.3854,4.6e-09,0.000348,"TTTAGGCAACCCAAAAATAG",21,"NC_013967.1","HVO_1704","","WP_004041593.1",NA,"1565815","1566972","1157","+",NA,"hypothetical protein",1.574604903,2.26e-29
"48","HVO_RS12895","TTTAGGCHDRCCTAAAANAW","MEME-1","HVO_RS12895",100,119,"+",22.6458,1.08e-08,0.000621,"TTTTGGGTTGCCTAAATCCA",21,"NC_013967.1","HVO_1704","","WP_004041593.1",NA,"1565815","1566972","1157","+",NA,"hypothetical protein",1.574604903,2.26e-29
"49","HVO_RS12895","TTTAGGCHDRCCTAAAANAW","MEME-1","HVO_RS12895",97,116,"-",3.04167,1.22e-05,0.265,"ATTTAGGCAACCCAAAAATA",21,"NC_013967.1","HVO_1704","","WP_004041593.1",NA,"1565815","1566972","1157","+",NA,"hypothetical protein",1.574604903,2.26e-29
"50","HVO_RS12895","TTTAGGCHDRCCTAAAANAW","MEME-1","HVO_RS12895",101,120,"+",-4.47917,8.91e-05,0.814,"TTTGGGTTGCCTAAATCCAT",21,"NC_013967.1","HVO_1704","","WP_004041593.1",NA,"1565815","1566972","1157","+",NA,"hypothetical protein",1.574604903,2.26e-29
"51","HVO_RS13190","TTTAGGCHDRCCTAAAANAW","MEME-1","HVO_RS13190",332,351,"+",28.7188,3.31e-10,5.51e-05,"TTTAGGCCTACCTAAACAAT",22,"NC_013967.1","HVO_1764","","WP_013035551.1",NA,"1632381","1633343","962","+",NA,"hypothetical protein",1.132526341,1.08e-36
"52","HVO_RS13190","TTTAGGCHDRCCTAAAANAW","MEME-1","HVO_RS13190",328,347,"-",19.6771,4.03e-08,0.00163,"TTTAGGTAGGCCTAAAACGT",22,"NC_013967.1","HVO_1764","","WP_013035551.1",NA,"1632381","1633343","962","+",NA,"hypothetical protein",1.132526341,1.08e-36
"53","HVO_RS14260","TTTAGGCHDRCCTAAAANAW","MEME-1","HVO_RS14260",522,541,"-",28.4583,3.94e-10,5.87e-05,"TTTAGGCCCACCTAAAATAG",23,"NC_013967.1","HVO_1991","","WP_004041872.1","1329","1837331","1838560","1230","+","[P] ABC-type Fe3+-hydroxamate transport system, periplasmic component","ABC transporter substrate-binding protein",2.02172352,6.2e-100
"54","HVO_RS14260","TTTAGGCHDRCCTAAAANAW","MEME-1","HVO_RS14260",526,545,"+",23.3125,7.87e-09,0.000499,"TTTAGGTGGGCCTAAAAAAC",23,"NC_013967.1","HVO_1991","","WP_004041872.1","1329","1837331","1838560","1230","+","[P] ABC-type Fe3+-hydroxamate transport system, periplasmic component","ABC transporter substrate-binding protein",2.02172352,6.2e-100
"55","HVO_RS14505","TTTAGGCHDRCCTAAAANAW","MEME-1","HVO_RS14505",290,309,"+",32.0625,1.75e-11,1.42e-05,"TTTAGGCTAGCCTAAAATCA",24,"NC_013967.1","HVO_2038","","WP_004041925.1","1372","1883147","1884325","1179","-","[P] ABC-type Fe3+-hydroxamate transport system, periplasmic component","ABC transporter substrate-binding protein",2.056202288,4.46e-54
"56","HVO_RS14505","TTTAGGCHDRCCTAAAANAW","MEME-1","HVO_RS14505",286,305,"-",31.5208,3.09e-11,1.64e-05,"TTTAGGCTAGCCTAAAACCA",24,"NC_013967.1","HVO_2038","","WP_004041925.1","1372","1883147","1884325","1179","-","[P] ABC-type Fe3+-hydroxamate transport system, periplasmic component","ABC transporter substrate-binding protein",2.056202288,4.46e-54
"57","HVO_RS14505","TTTAGGCHDRCCTAAAANAW","MEME-1","HVO_RS14505",254,273,"+",22.3438,1.25e-08,0.000692,"TTTTGGCTTGCCTAAAAATC",24,"NC_013967.1","HVO_2038","","WP_004041925.1","1372","1883147","1884325","1179","-","[P] ABC-type Fe3+-hydroxamate transport system, periplasmic component","ABC transporter substrate-binding protein",2.056202288,4.46e-54
"58","HVO_RS14505","TTTAGGCHDRCCTAAAANAW","MEME-1","HVO_RS14505",250,269,"-",21.0729,2.21e-08,0.00105,"TTTAGGCAAGCCAAAACACG",24,"NC_013967.1","HVO_2038","","WP_004041925.1","1372","1883147","1884325","1179","-","[P] ABC-type Fe3+-hydroxamate transport system, periplasmic component","ABC transporter substrate-binding protein",2.056202288,4.46e-54
"59","HVO_RS14620",NA,NA,NA,NA,NA,NA,NA,NA,NA,NA,25,"NC_013967.1","HVO_2064","","WP_236995464.1",NA,"1912946","1913362","416","+",NA,"hypothetical protein",1.037103796,4.97e-07
"60","HVO_RS14630","TTTAGGCHDRCCTAAAANAW","MEME-1","HVO_RS14630",135,154,"-",31.875,2.13e-11,1.42e-05,"TTTAGGCTTACCTAAATAAA",26,"NC_013967.1","HVO_2066","","WP_004041951.1","1394","1914245","1915219"," 975","+","[M] S-layer domain    ","hypothetical protein",1.859518779,7.99e-61
"61","HVO_RS14630","TTTAGGCHDRCCTAAAANAW","MEME-1","HVO_RS14630",99,118,"-",27.375,8.22e-10,0.000104,"TTTAGGCCGGCCTAATACTA",26,"NC_013967.1","HVO_2066","","WP_004041951.1","1394","1914245","1915219"," 975","+","[M] S-layer domain    ","hypothetical protein",1.859518779,7.99e-61
"62","HVO_RS14630","TTTAGGCHDRCCTAAAANAW","MEME-1","HVO_RS14630",103,122,"+",23.0521,8.94e-09,0.000541,"ATTAGGCCGGCCTAAAAACC",26,"NC_013967.1","HVO_2066","","WP_004041951.1","1394","1914245","1915219"," 975","+","[M] S-layer domain    ","hypothetical protein",1.859518779,7.99e-61
"63","HVO_RS14630","TTTAGGCHDRCCTAAAANAW","MEME-1","HVO_RS14630",139,158,"+",18.5521,6.41e-08,0.00244,"TTTAGGTAAGCCTAAAGTCT",26,"NC_013967.1","HVO_2066","","WP_004041951.1","1394","1914245","1915219"," 975","+","[M] S-layer domain    ","hypothetical protein",1.859518779,7.99e-61
"64","HVO_RS14770","TTTAGGCHDRCCTAAAANAW","MEME-1","HVO_RS14770",102,121,"-",30.5625,7.5e-11,2.14e-05,"ATTAGGCCAGCCTAAAACAA",27,"NC_013967.1","HVO_2094","","WP_004041978.1","1416","1958400","1959647","1248","-","[P] ABC-type Fe3+-hydroxamate transport system, periplasmic component","iron ABC transporter substrate-binding protein",1.612546834,6.38e-31
"65","HVO_RS14770","TTTAGGCHDRCCTAAAANAW","MEME-1","HVO_RS14770",66,85,"-",23.6771,6.59e-09,0.00045,"TTTAGTCCGGCCTAAAACTG",27,"NC_013967.1","HVO_2094","","WP_004041978.1","1416","1958400","1959647","1248","-","[P] ABC-type Fe3+-hydroxamate transport system, periplasmic component","iron ABC transporter substrate-binding protein",1.612546834,6.38e-31
"66","HVO_RS14770","TTTAGGCHDRCCTAAAANAW","MEME-1","HVO_RS14770",106,125,"+",17.8958,8.36e-08,0.00313,"TTTAGGCTGGCCTAATTCGT",27,"NC_013967.1","HVO_2094","","WP_004041978.1","1416","1958400","1959647","1248","-","[P] ABC-type Fe3+-hydroxamate transport system, periplasmic component","iron ABC transporter substrate-binding protein",1.612546834,6.38e-31
"67","HVO_RS14770","TTTAGGCHDRCCTAAAANAW","MEME-1","HVO_RS14770",70,89,"+",15.7292,1.95e-07,0.0069,"TTTAGGCCGGACTAAATTTC",27,"NC_013967.1","HVO_2094","","WP_004041978.1","1416","1958400","1959647","1248","-","[P] ABC-type Fe3+-hydroxamate transport system, periplasmic component","iron ABC transporter substrate-binding protein",1.612546834,6.38e-31
"68","HVO_RS16235",NA,NA,NA,NA,NA,NA,NA,NA,NA,NA,28,"NC_013967.1","HVO_2395","","WP_004042284.1","1633","2264658","2265191"," 534","-","[S] Uncharacterized conserved protein   ","ATP:cob(I)alamin adenosyltransferase",-1.091659745,2.24e-14
"69","HVO_RS16240","TTTAGGCHDRCCTAAAANAW","MEME-1","HVO_RS16240",51,70,"-",8.3125,2.52e-06,0.0705,"TTTAGACATATCAAAATTCA",29,"NC_013967.1","HVO_2396","","WP_004042285.1","1633","2265188","2265427"," 240","-","[O] Glutaredoxin and related proteins  ","glutaredoxin",-1.183780799,8.1e-19
"70","HVO_RS16240","TTTAGGCHDRCCTAAAANAW","MEME-1","HVO_RS16240",55,74,"+",-3.61458,7.19e-05,0.814,"TTTTGATATGTCTAAAACGT",29,"NC_013967.1","HVO_2396","","WP_004042285.1","1633","2265188","2265427"," 240","-","[O] Glutaredoxin and related proteins  ","glutaredoxin",-1.183780799,8.1e-19
